{
  "lastId": 4,
  "tasks": [
    {
      "id": 1,
      "title": "Estudar TypeScript",
      "description": "Revisar generics e decorators",
      "status": "pending"
    },
    {
      "id": 2,
      "title": "Criar API To-Do",
      "description": "Implementar CRUD com JSON e Swagger",
      "status": "pending"
    },
    {
      "id": 3,
      "title": "Tarefa 1 - teste",
      "status": "pending"
    },
    {
      "id": 4,
      "title": "Tarefa 2 | Mauro",
      "status": "pending"
    }
  ]
}